<?xml version="1.0" encoding="UTF-8"?>
<project-private xmlns="http://www.netbeans.org/ns/project-private/1">
    <editor-bookmarks xmlns="http://www.netbeans.org/ns/editor-bookmarks/2" lastBookmarkId="0"/>
    <open-files xmlns="http://www.netbeans.org/ns/projectui-open-files/2">
        <group>
            <file>file:/D:/BAHAN%20KULIAH/struktur%20data/PROGRAM/ArrayAwal/src/arrayawal/ArrayAwal.java</file>
            <file>file:/D:/BAHAN%20KULIAH/struktur%20data/PROGRAM/ArrayAwal/src/arrayawal/OrdArray.java</file>
        </group>
    </open-files>
</project-private>
